,Conf.,Zipfian s,Mean Rank,Mean Reciprocal Rank,Hits@1,Hits@10,Hits@100
0,1,0.5,11361.553,0.0010085194974053448,0.0003333333333333333,0.0011666666666666668,0.006166666666666667
1,2,1.0,9096.8765,0.0016005981402536205,0.0008333333333333334,0.0018333333333333333,0.009333333333333334
2,3,1.5,7271.446,0.005591086862553795,0.0036666666666666666,0.0085,0.028166666666666663
3,4,2.0,8522.383333333333,0.016292935286900723,0.014666666666666666,0.018166666666666668,0.0355
4,5,2.5,13247.214,0.0009014670398593774,0.0003333333333333333,0.001,0.006000000000000001
5,6,3.0,15000.110333333336,0.00149143145058712,0.001,0.0015000000000000002,0.007333333333333333
