,Conf.,Zipfian s,Graph 0,Graph 1,Graph 2,Graph 3,Graph 4,Mean Hits@1,Std. dev. of Hits@1
0,1,0.5,0.0,0.001,0.0,0.0,0.0,0.0002,0.0004
1,2,1.0,0.0,0.0,0.0015,0.0,0.0,0.00030000000000000003,0.0006000000000000001
2,3,1.5,0.001,0.004,0.0045,0.0065,0.006,0.004399999999999999,0.0019339079605813717
3,4,2.0,0.0185,0.008,0.015,0.018,0.0015,0.012199999999999999,0.006531462317123172
4,5,2.5,0.01,0.002,0.007,0.004,0.003,0.0052,0.002925747767665559
5,6,3.0,0.0,0.0,0.0,0.0,0.0,0.0,0.0
6,7,3.5,0.0,0.0,0.001,0.0,0.0,0.0002,0.0004
7,8,4.0,0.001,0.0005,0.0,0.0,0.0,0.00030000000000000003,0.0004
