,Conf.,Zipfian s,Mean,Std. dev,Graph 0,Graph 1,Graph 2,Graph 3,Graph 4,Graph 5,Graph 6,Graph 7,Graph 8,Graph 9
0,1,0.5,11130.49885,136.56435189225797,11174.2985,11099.1015,11138.7415,11055.587,11452.24,11010.5645,11115.258,11135.3915,11220.5625,10903.2435
1,2,1.0,9058.4437,139.04850742280556,9321.753,8996.288,8865.38,8933.8955,9173.613,9035.6515,8959.002,9134.7725,9217.599,8946.4825
2,3,1.5,7354.560900000001,234.35357934857757,7646.3645,7226.6685,7712.113,7201.9325,7473.635,7248.258,7309.8455,7189.669,6931.581,7605.542
3,4,2.0,8789.42125,640.3018063841555,8834.8355,8769.1245,8970.249,8601.9335,8972.7305,8765.2345,8757.211,9479.1785,7112.9235,9630.792
4,5,2.5,13313.9992,483.6527634672523,13178.095,12260.9655,12731.8915,13162.093,13488.378,13527.393,13738.159,13706.031,13371.907,13975.079
5,6,3.0,15169.86745,380.7355831790908,15039.7675,15464.295,15163.851,15347.9795,14593.258,15844.283,14798.4835,15417.6295,14640.828,15388.2995
6,7,3.5,15038.601200000001,228.2346686863326,15200.0365,15504.145,14936.392,15078.7715,14891.905,14917.8685,14686.929,15153.4525,14794.649,15221.863
7,8,4.0,14943.404749999998,204.4799427834241,14754.455,14984.251,15007.3475,14827.51,15418.72,14803.806,15024.636,15121.1415,14775.776,14716.4045
