,Conf.,Zipfian s,Graph 0,Graph 1,Graph 2,Graph 3,Graph 4,Mean Hits@1,Std. dev. of Hits@1
0,1,0.5,0.0,0.0,0.001,0.0,0.0,0.00030000000000000003,0.000458257569495584
1,2,1.0,0.0,0.0005,0.0005,0.0005,0.0,0.0004,0.0004358898943540673
2,3,1.5,0.003,0.004,0.0035,0.007,0.001,0.0035000000000000005,0.0014999999999999998
3,4,2.0,0.0125,0.02,0.007,0.0195,0.0115,0.013600000000000001,0.0063158530698552515
4,5,2.5,0.001,0.004,0.0015,0.001,0.0,0.00125,0.0013275918047351753
5,6,3.0,0.0,0.0,0.0,0.0,0.0,0.00015000000000000001,0.0004500000000000001
6,7,3.5,0.0,0.0,0.0,0.0,0.0,0.00030000000000000003,0.0006403124237432849
7,8,4.0,0.0,0.0005,0.0,0.0,0.0,0.00015000000000000001,0.00032015621187164245
