,Conf.,Zipfian s,Mean Rank,Mean Reciprocal Rank,Hits@1,Hits@10,Hits@100
0,1,0.5,11348.1725,0.0008504361282440801,0.0002,0.0013000000000000002,0.0062
1,2,1.0,8994.756099999999,0.00102906150092922,0.00030000000000000003,0.0011,0.0075
2,3,1.5,7360.998999999999,0.00616078294330276,0.004399999999999999,0.0078,0.0243
3,4,2.0,8931.365600000001,0.01408052281926386,0.012199999999999999,0.016100000000000003,0.03459999999999999
4,5,2.5,13449.0249,0.005976299867716641,0.0052,0.006900000000000001,0.0129
5,6,3.0,14995.3998,0.00051967124733326,0.0,0.0006000000000000001,0.0053
6,7,3.5,14983.0779,0.0005407059267979999,0.0002,0.0004,0.0043
7,8,4.0,15134.122599999999,0.00082175743877168,0.00030000000000000003,0.0009000000000000001,0.0052
