,Conf.,Zipfian s,Graph 0,Graph 1,Graph 2,Graph 3,Graph 4,Mean MR,Std. dev. of MR
0,1,0.5,11119.369,11262.906,11771.431,11352.805,11234.3515,11348.1725,224.3862097161944
1,2,1.0,8704.6345,8990.9475,8857.4715,9205.122,9215.605,8994.756099999999,198.02028084602827
2,3,1.5,7577.09,6832.8735,7502.88,7279.676,7612.4755,7360.998999999999,288.30398629692934
3,4,2.0,8829.32,9087.137,8526.5435,8743.6805,9470.147,8931.365600000001,323.7499219872342
4,5,2.5,12853.036,14234.6515,13144.261,13577.741,13435.435,13449.0249,465.19791015764446
5,6,3.0,15021.528,14703.0435,14749.818,15535.5415,14967.068,14995.3998,296.31775392179924
6,7,3.5,14942.124,15156.644,14939.2455,14754.8295,15122.5465,14983.0779,145.1016986618008
7,8,4.0,15160.132,14910.4855,14790.608,15267.056,15542.3315,15134.122599999999,265.7058963112034
