,Conf.,Zipfian s,Graph 0,Graph 1,Graph 2,Graph 3,Graph 4,Mean Hits@10,Std. dev. of Hits@10
0,1,0.5,0.001,0.0035,0.0,0.001,0.001,0.0013000000000000002,0.00116619037896906
1,2,1.0,0.0,0.002,0.0025,0.0,0.001,0.0011,0.001019803902718557
2,3,1.5,0.003,0.0065,0.007,0.011,0.0115,0.0078,0.003140063693621516
3,4,2.0,0.0245,0.0125,0.018,0.0215,0.004,0.016100000000000003,0.007248448109768048
4,5,2.5,0.0105,0.004,0.0085,0.0075,0.004,0.006900000000000001,0.0025573423705088846
5,6,3.0,0.0005,0.0015,0.0,0.001,0.0,0.0006000000000000001,0.0005830951894845301
6,7,3.5,0.0005,0.0005,0.001,0.0,0.0,0.0004,0.00037416573867739413
7,8,4.0,0.0015,0.0015,0.0,0.001,0.0005,0.0009000000000000001,0.0005830951894845301
