,Conf.,Zipfian s,Graph 0,Graph 1,Graph 2,Graph 3,Graph 4,Mean Hits@100,Std. dev. of Hits@100
0,1,0.5,0.0055,0.007,0.0055,0.006,0.007,0.0062,0.000678232998312527
1,2,1.0,0.0085,0.008,0.0095,0.0065,0.005,0.0075,0.0015811388300841897
2,3,1.5,0.016,0.0255,0.0215,0.031,0.0275,0.0243,0.005163332257370234
3,4,2.0,0.044,0.0265,0.0365,0.047,0.019,0.03459999999999999,0.010532805893967665
4,5,2.5,0.0155,0.011,0.0155,0.0105,0.012,0.0129,0.002177154105707724
5,6,3.0,0.004,0.008,0.0055,0.0065,0.0025,0.0053,0.001913112646970899
6,7,3.5,0.003,0.005,0.0045,0.007,0.002,0.0043,0.0017204650534085254
7,8,4.0,0.007,0.004,0.0035,0.007,0.0045,0.0052,0.0015033296378372909
