,Conf.,Zipfian s,Mean MR,Std. dev. MR,Mean MRR,Std. dev. MRR,Mean Hits@1,Std. dev. Hits@1,Mean Hits@10,Std. dev. Hits@10,Mean Hits@100,Std. dev. Hits@100
0,1,0.5,11348.1725,224.3862097161944,0.0008504361282440801,0.0006162301712953473,0.0002,0.0004,0.0013000000000000002,0.00116619037896906,0.0062,0.000678232998312527
1,2,1.0,8994.756099999999,198.02028084602827,0.00102906150092922,0.0006257310175816705,0.00030000000000000003,0.0006000000000000001,0.0011,0.001019803902718557,0.0075,0.0015811388300841897
2,3,1.5,7360.998999999999,288.30398629692934,0.00616078294330276,0.0022107990945497923,0.004399999999999999,0.0019339079605813717,0.0078,0.003140063693621516,0.0243,0.005163332257370234
3,4,2.0,8931.365600000001,323.7499219872342,0.01408052281926386,0.006726626060302745,0.012199999999999999,0.006531462317123172,0.016100000000000003,0.007248448109768048,0.03459999999999999,0.010532805893967665
4,5,2.5,13449.0249,465.19791015764446,0.005976299867716641,0.002800239795379352,0.0052,0.002925747767665559,0.006900000000000001,0.0025573423705088846,0.0129,0.002177154105707724
5,6,3.0,14995.3998,296.31775392179924,0.00051967124733326,0.00020539185514735077,0.0,0.0,0.0006000000000000001,0.0005830951894845301,0.0053,0.001913112646970899
6,7,3.5,14983.0779,145.1016986618008,0.0005407059267979999,0.0003843118473485184,0.0002,0.0004,0.0004,0.00037416573867739413,0.0043,0.0017204650534085254
7,8,4.0,15134.122599999999,265.7058963112034,0.00082175743877168,0.00040056716085052176,0.00030000000000000003,0.0004,0.0009000000000000001,0.0005830951894845301,0.0052,0.0015033296378372909
