,Conf.,Zipfian s,Mean,Std. dev,Graph 0,Graph 1,Graph 2,Graph 3,Graph 4,Graph 5,Graph 6,Graph 7,Graph 8,Graph 9
0,1,0.5,11274.4612,232.3794431941214,11342.34,11178.753,11007.38,11293.3285,11210.21,11418.6165,11480.9705,11106.5385,11769.3995,10937.0755
1,2,1.0,9028.7104,78.9316069501946,9005.6635,8907.128,9054.8365,9073.758,9165.906,8923.741,8990.597,9120.0375,8974.9145,9070.522
2,3,1.5,7370.04155,139.07794577690063,7278.6075,7198.0995,7538.863,7458.107,7475.5725,7421.584,7111.335,7544.645,7282.8215,7390.7805
3,4,2.0,8870.8582,531.0555340305852,8809.014,8835.486,9012.3845,8189.6505,9270.5375,8805.7145,8693.088,9462.9755,7871.842,9757.8895
4,5,2.5,13568.312600000001,355.839853981591,13587.06,12729.1145,13795.015,13504.782,13445.3265,13566.4085,13987.126,13360.0655,13620.748,14087.48
5,6,3.0,14940.59705,289.4524115416427,14935.7495,15107.606,14673.179,14538.166,15473.518,14555.8055,14991.4885,14822.986,15289.935,15017.537
6,7,3.5,15008.702,326.82532156451697,14592.505,14512.812,14932.1115,14966.5915,15442.817,14743.678,15514.453,15203.231,15284.391,14894.43
7,8,4.0,14999.24685,284.9287031427384,14850.918,14503.362,15247.5625,14946.4115,15559.058,14950.7025,15208.4985,14658.756,15062.432,15004.7675
