,Conf.,Zipfian s,Graph 0,Graph 1,Graph 2,Graph 3,Graph 4,Mean Hits@1,Std. dev. of Hits@1
0,1,0.5,0.0005,0.0,0.0,0.0,0.0005,0.00025,0.0003354101966249685
1,2,1.0,0.0,0.0,0.0005,0.0005,0.0005,0.00045000000000000004,0.00041533119314590374
2,3,1.5,0.0015,0.0045,0.0035,0.005,0.0005,0.0029500000000000004,0.0014044571905188138
3,4,2.0,0.0115,0.0215,0.0055,0.019,0.0105,0.0129,0.0071126647608333125
4,5,2.5,0.0015,0.0055,0.001,0.001,0.0,0.0014500000000000003,0.0016948451256678294
5,6,3.0,0.0,0.0,0.0,0.0,0.0,0.0001,0.0002
6,7,3.5,0.0,0.0,0.0,0.0,0.0,0.00015000000000000001,0.0004500000000000001
7,8,4.0,0.0005,0.0,0.0,0.0,0.0,0.00015000000000000001,0.00032015621187164245
