,Conf.,Zipfian s,Mean Rank,Mean Reciprocal Rank,Hits@1,Hits@10,Hits@100
0,1,0.5,11319.176666666666,0.0008659224338483186,0.0003333333333333333,0.0008333333333333334,0.007666666666666666
1,2,1.0,8934.6305,0.0013604410354539802,0.0008333333333333334,0.001,0.0075
2,3,1.5,7156.1385,0.005677671901064232,0.0031666666666666666,0.010166666666666666,0.029833333333333333
3,4,2.0,8455.031666666668,0.016687572977478297,0.0135,0.021333333333333333,0.041166666666666664
4,5,2.5,13276.570833333333,0.001397538531533206,0.0006666666666666666,0.002,0.011166666666666667
5,6,3.0,15009.595666666668,0.001132543168289546,0.0006666666666666666,0.0008333333333333334,0.005666666666666667
6,7,3.5,14787.1945,0.00033594533151243576,0.0,0.00016666666666666666,0.004166666666666667
7,8,4.0,14899.729833333333,0.00030286430783725343,0.0,0.00016666666666666666,0.0031666666666666666
