,Conf.,Zipfian s,Mean,Std. dev,Graph 0,Graph 1,Graph 2,Graph 3,Graph 4,Graph 5,Graph 6,Graph 7,Graph 8,Graph 9
0,1,0.5,0.00025,0.0003354101966249685,0.0005,0.0,0.0,0.0,0.0005,0.0,0.001,0.0,0.0,0.0005
1,2,1.0,0.00045000000000000004,0.00041533119314590374,0.0,0.0,0.0005,0.0005,0.0005,0.0015,0.0005,0.0,0.0005,0.0005
2,3,1.5,0.0029500000000000004,0.0014044571905188138,0.0015,0.0045,0.0035,0.005,0.0005,0.002,0.002,0.0025,0.0045,0.0035
3,4,2.0,0.0129,0.0071126647608333125,0.0115,0.0215,0.0055,0.019,0.0105,0.0105,0.0175,0.0035,0.025,0.0045
4,5,2.5,0.0014500000000000003,0.0016948451256678294,0.0015,0.0055,0.001,0.001,0.0,0.0,0.0025,0.0,0.003,0.0
5,6,3.0,0.0001,0.0002,0.0,0.0,0.0,0.0,0.0,0.0005,0.0,0.0005,0.0,0.0
6,7,3.5,0.00015000000000000001,0.0004500000000000001,0.0,0.0,0.0,0.0,0.0,0.0,0.0015,0.0,0.0,0.0
7,8,4.0,0.00015000000000000001,0.00032015621187164245,0.0005,0.0,0.0,0.0,0.0,0.001,0.0,0.0,0.0,0.0
