,Conf.,Zipfian s,Graph 0,Graph 1,Graph 2,Graph 3,Graph 4,Mean Hits@100,Std. dev. of Hits@100
0,1,0.5,0.007,0.006,0.004,0.0065,0.011,0.006900000000000001,0.002289104628451919
1,2,1.0,0.006,0.0075,0.006,0.0095,0.007,0.0072,0.0012884098726725125
2,3,1.5,0.021,0.0305,0.027,0.0295,0.0305,0.027700000000000002,0.0035860842154082206
3,4,2.0,0.0405,0.025,0.0365,0.0475,0.017,0.03330000000000001,0.01093892133621958
4,5,2.5,0.0215,0.0065,0.0165,0.0085,0.009,0.0124,0.005678027826631356
5,6,3.0,0.0045,0.0065,0.0075,0.0025,0.005,0.0052,0.0017204650534085252
6,7,3.5,0.0015,0.004,0.006,0.007,0.004,0.0045,0.0018973665961010276
7,8,4.0,0.006,0.003,0.006,0.006,0.0035,0.0049,0.0013564659966250536
