,Conf.,Zipfian s,Graph 0,Graph 1,Graph 2,Graph 3,Graph 4,Mean Hits@10,Std. dev. of Hits@10
0,1,0.5,0.001,0.0005,0.001,0.001,0.0005,0.0008,0.0002449489742783178
1,2,1.0,0.0005,0.0,0.0005,0.0005,0.0,0.00030000000000000003,0.0002449489742783178
2,3,1.5,0.006,0.01,0.0105,0.012,0.01,0.009700000000000002,0.00198997487421324
3,4,2.0,0.0215,0.0125,0.019,0.0225,0.0025,0.015600000000000003,0.007418894796396563
4,5,2.5,0.0125,0.0025,0.009,0.004,0.003,0.0062,0.003906404996924922
5,6,3.0,0.0005,0.0015,0.001,0.0005,0.0,0.0007,0.0005099019513592785
6,7,3.5,0.0,0.001,0.0015,0.0005,0.0,0.0006000000000000001,0.00058309518948453
7,8,4.0,0.0025,0.0,0.0005,0.002,0.0015,0.0013000000000000002,0.0009273618495495704
