,Conf.,Zipfian s,Graph 0,Graph 1,Graph 2,Graph 3,Graph 4,Mean MR,Std. dev. of MR
0,1,0.5,11342.34,11178.753,11007.38,11293.3285,11210.21,11274.4612,232.3794431941214
1,2,1.0,9005.6635,8907.128,9054.8365,9073.758,9165.906,9028.7104,78.9316069501946
2,3,1.5,7278.6075,7198.0995,7538.863,7458.107,7475.5725,7370.04155,139.07794577690063
3,4,2.0,8809.014,8835.486,9012.3845,8189.6505,9270.5375,8870.8582,531.0555340305852
4,5,2.5,13587.06,12729.1145,13795.015,13504.782,13445.3265,13568.312600000001,355.839853981591
5,6,3.0,14935.7495,15107.606,14673.179,14538.166,15473.518,14940.59705,289.4524115416427
6,7,3.5,14592.505,14512.812,14932.1115,14966.5915,15442.817,15008.702,326.82532156451697
7,8,4.0,14850.918,14503.362,15247.5625,14946.4115,15559.058,14999.24685,284.9287031427384
