,Conf.,Zipfian s,Graph 0,Graph 1,Graph 2,Graph 3,Graph 4,Mean Hits@100,Std. dev. of Hits@100
0,1,0.5,0.006,0.0075,0.0075,0.003,0.005,0.006899999999999999,0.0021307275752662515
1,2,1.0,0.005,0.0085,0.01,0.011,0.008,0.009800000000000001,0.0024819347291981713
2,3,1.5,0.0255,0.0265,0.0245,0.027,0.0175,0.02445,0.004180011961705372
3,4,2.0,0.031,0.0395,0.0245,0.0435,0.0265,0.03295,0.010982827504791287
4,5,2.5,0.0065,0.0165,0.011,0.006,0.012,0.00935,0.0036949289573684637
5,6,3.0,0.0035,0.0055,0.004,0.0065,0.0025,0.0049,0.0020346989949375804
6,7,3.5,0.005,0.0055,0.004,0.0025,0.0025,0.00405,0.0011926860441876562
7,8,4.0,0.0085,0.0035,0.0055,0.005,0.002,0.00495,0.002079062288629179
