,Conf.,Zipfian s,Mean MR,Std. dev. MR,Mean MRR,Std. dev. MRR,Mean Hits@1,Std. dev. Hits@1,Mean Hits@10,Std. dev. Hits@10,Mean Hits@100,Std. dev. Hits@100
0,1,0.5,11274.4612,232.3794431941214,0.00083960892646706,0.0003545013599854557,0.00025,0.0003354101966249685,0.00115,0.0006726812023536855,0.006899999999999999,0.0021307275752662515
1,2,1.0,9028.7104,78.9316069501946,0.00131114700402278,0.0006662321218845211,0.00045000000000000004,0.00041533119314590374,0.0018000000000000002,0.0012083045973594571,0.009800000000000001,0.0024819347291981713
2,3,1.5,7370.04155,139.07794577690063,0.00513343704100338,0.0014900073342249648,0.0029500000000000004,0.0014044571905188138,0.008,0.002097617696340303,0.02445,0.004180011961705372
3,4,2.0,8870.8582,531.0555340305852,0.01510904116293992,0.007475270517692418,0.0129,0.0071126647608333125,0.0177,0.008570880934886447,0.03295,0.010982827504791287
4,5,2.5,13568.312600000001,355.839853981591,0.00209820765310364,0.0018488539802771955,0.0014500000000000003,0.0016948451256678294,0.0023,0.0021236760581595303,0.00935,0.0036949289573684637
5,6,3.0,14940.59705,289.4524115416427,0.0005653765926640899,0.0003808427319077467,0.0001,0.0002,0.0007000000000000001,0.0008426149773176359,0.0049,0.0020346989949375804
6,7,3.5,15008.702,326.82532156451697,0.00051485328345203,0.00045634555850986914,0.00015000000000000001,0.0004500000000000001,0.0004,0.00058309518948453,0.00405,0.0011926860441876562
7,8,4.0,14999.24685,284.9287031427384,0.00061259849947481,0.0004821470022641585,0.00015000000000000001,0.00032015621187164245,0.0007500000000000001,0.0008440971508067066,0.00495,0.002079062288629179
