,Conf.,Zipfian s,Graph 0,Graph 1,Graph 2,Graph 3,Graph 4,Mean MR,Std. dev. of MR
0,1,0.5,11584.4205,11246.971,11256.0695,11264.3225,10954.177,11261.1921,199.48591444746185
1,2,1.0,9000.48,9118.565,8987.4725,9010.397,8779.906,8979.3641,110.12274286649405
2,3,1.5,7174.419,7464.504,7366.7615,7324.8635,7288.877,7323.885,95.05650960928448
3,4,2.0,8802.973,9515.586,8472.08,8543.2175,10015.8365,9069.9386,599.9108428281152
4,5,2.5,13440.3195,13844.749,13028.571,12991.652,13984.6455,13457.987400000002,407.21802369313184
5,6,3.0,15341.694,14752.848,15243.224,15015.444,14652.967,15001.235400000001,267.4545210218737
6,7,3.5,14789.915,15108.9765,15322.474,14847.832,15341.0795,15082.055400000001,230.575778281978
7,8,4.0,14824.0915,14294.851,14895.139,14997.467,14865.979,14775.5055,247.04407856615364
