,Conf.,Zipfian s,TransE,DistMult,ComplEx
0,1,0.5,0.051649999999999995,0.006899999999999999,0.00615
1,2,1.0,0.0625,0.009800000000000001,0.008600000000000002
2,3,1.5,0.0935,0.02445,0.023599999999999996
3,4,2.0,0.07574999999999998,0.03295,0.0367
4,5,2.5,0.03780000000000001,0.00935,0.010499999999999999
5,6,3.0,0.02275,0.0049,0.0046
6,7,3.5,0.01735,0.00405,0.0060999999999999995
7,8,4.0,0.019149999999999993,0.00495,0.0057
