,Conf.,Zipfian s,TransE,DistMult,ComplEx
0,1,0.5,0.0003333333333333333,0.0003333333333333333,0.0003333333333333333
1,2,1.0,0.0011666666666666668,0.0008333333333333334,0.0008333333333333334
2,3,1.5,0.0061666666666666675,0.0031666666666666666,0.0036666666666666666
3,4,2.0,0.008666666666666666,0.0135,0.014666666666666666
4,5,2.5,0.002166666666666667,0.0006666666666666666,0.0003333333333333333
5,6,3.0,0.0006666666666666666,0.0006666666666666666,0.001
