,Conf.,Zipfian s,TransE,DistMult,ComplEx
0,1,0.5,0.007833333333333333,0.0008333333333333334,0.0011666666666666668
1,2,1.0,0.016833333333333336,0.001,0.0018333333333333333
2,3,1.5,0.03133333333333333,0.010166666666666666,0.0085
3,4,2.0,0.02366666666666667,0.021333333333333333,0.018166666666666668
4,5,2.5,0.011833333333333333,0.002,0.001
5,6,3.0,0.004166666666666667,0.0008333333333333334,0.0015000000000000002
