,Conf.,Zipfian s,TransE,DistMult,ComplEx
0,1,0.5,0.048499999999999995,0.007666666666666666,0.006166666666666667
1,2,1.0,0.0615,0.0075,0.009333333333333334
2,3,1.5,0.09033333333333333,0.029833333333333333,0.028166666666666663
3,4,2.0,0.07366666666666667,0.041166666666666664,0.0355
4,5,2.5,0.04800000000000001,0.011166666666666667,0.006000000000000001
5,6,3.0,0.026,0.005666666666666667,0.007333333333333333
