,Conf.,Zipfian s,TransE,DistMult,ComplEx
0,1,0.5,6423.47605,11274.4612,11130.49885
1,2,1.0,4294.874150000001,9028.7104,9058.4437
2,3,1.5,4175.5425000000005,7370.04155,7354.560900000001
3,4,2.0,5138.749750000001,8870.8582,8789.42125
4,5,2.5,7155.9625,13568.312600000001,13313.9992
5,6,3.0,8202.776549999999,14940.59705,15169.86745
6,7,3.5,9353.4057,15008.702,15038.601200000001
7,8,4.0,7785.89205,14999.24685,14943.404749999998
