,Conf.,Zipfian s,TransE,DistMult,ComplEx
0,1,0.5,5692.133833333333,11319.176666666666,11361.553
1,2,1.0,4521.426833333334,8934.6305,9096.8765
2,3,1.5,4224.114833333333,7156.1385,7271.446
3,4,2.0,5327.527166666667,8455.031666666668,8522.383333333333
4,5,2.5,5363.083166666666,13276.570833333333,13247.214
5,6,3.0,7434.1515,15009.595666666668,15000.110333333336
