,Conf.,Zipfian s,TransE,DistMult,ComplEx
0,1,0.5,0.0038041446205653398,0.00083960892646706,0.0008187940736725699
1,2,1.0,0.006754293910087352,0.00131114700402278,0.0011451451817278
2,3,1.5,0.011833098727477941,0.00513343704100338,0.00537544544077663
3,4,2.0,0.014239504093420641,0.01510904116293992,0.01569058728842528
4,5,2.5,0.00436083529379526,0.00209820765310364,0.0020190633011678903
5,6,3.0,0.00183233346771743,0.0005653765926640899,0.0006085167292793299
6,7,3.5,0.0017436051446587798,0.00051485328345203,0.00083209487572815
7,8,4.0,0.0016608205113212802,0.00061259849947481,0.0005606106829975901
