,Conf.,Zipfian s,Graph 0,Graph 1,Graph 2,Graph 3,Graph 4,Mean Hits@100,Std. dev. of Hits@100
0,1,0.5,0.048,0.0585,0.055,0.054,0.0445,0.052000000000000005,0.005049752469181041
1,2,1.0,0.061,0.0485,0.0595,0.0545,0.059,0.056499999999999995,0.004549725266430929
2,3,1.5,0.1465,0.14,0.131,0.0545,0.068,0.10800000000000001,0.03872337795182646
3,4,2.0,0.1495,0.101,0.1435,0.149,0.1105,0.1307,0.02069927534963482
4,5,2.5,0.0175,0.0485,0.017,0.0585,0.0545,0.0392,0.018203296404772404
5,6,3.0,0.0145,0.017,0.0425,0.0175,0.033,0.024900000000000002,0.010960839383915816
6,7,3.5,0.017,0.014,0.0175,0.021,0.0245,0.0188,0.0036138621999185308
7,8,4.0,0.022,0.0175,0.0235,0.0155,0.023,0.020300000000000002,0.003203123475609393
