,Conf.,Zipfian s,Graph 0,Graph 1,Graph 2,Graph 3,Graph 4,Mean MR,Std. dev. of MR
0,1,0.5,7639.9855,7712.4795,4771.4585,7431.0155,7397.4975,6423.47605,1338.6059404602881
1,2,1.0,3954.268,3792.0805,3796.9305,3904.8075,3959.1475,4294.874150000001,819.7135267099432
2,3,1.5,4603.466,4557.827,3599.126,4715.8515,3450.2235,4175.5425000000005,592.5871210900976
3,4,2.0,5815.4965,4017.397,5838.6665,5713.933,4101.3345,5138.749750000001,913.667950189489
4,5,2.5,5162.1405,4928.0945,5426.5,9080.394,5407.0715,7155.9625,1860.7830962821267
5,6,3.0,6079.0175,10292.0295,10449.142,6354.9935,10175.873,8202.776549999999,2052.0643679089785
6,7,3.5,6314.1165,10740.779,10482.8575,6373.7315,10580.6435,9353.4057,1963.969752736192
7,8,4.0,6416.122,6698.1435,10572.865,10823.5955,10339.015,7785.89205,1834.8548186485277
