,Conf.,Zipfian s,Graph 0,Graph 1,Graph 2,Graph 3,Graph 4,Mean Hits@1,Std. dev. of Hits@1
0,1,0.5,0.0015,0.002,0.0,0.0005,0.001,0.0006500000000000001,0.0006726812023536855
1,2,1.0,0.002,0.001,0.0015,0.003,0.0015,0.0014000000000000002,0.0009695359714832659
2,3,1.5,0.0005,0.0015,0.004,0.0015,0.0045,0.0034500000000000004,0.00278792037189013
3,4,2.0,0.001,0.0205,0.001,0.001,0.012,0.008000000000000002,0.008267405880927826
4,5,2.5,0.004,0.007,0.001,0.0,0.0025,0.0016,0.002188606862823929
5,6,3.0,0.0,0.0005,0.0005,0.0,0.0,0.0002,0.00024494897427831784
6,7,3.5,0.0005,0.0005,0.0005,0.0005,0.0,0.00035,0.00032015621187164245
7,8,4.0,0.0005,0.0,0.0005,0.0,0.0,0.00025,0.00046097722286464433
