,Conf.,Zipfian s,Mean Rank,Mean Reciprocal Rank,Hits@1,Hits@10,Hits@100
0,1,0.5,5692.133833333333,0.0035955125003058926,0.0003333333333333333,0.007833333333333333,0.048499999999999995
1,2,1.0,4521.426833333334,0.006935008619745129,0.0011666666666666668,0.016833333333333336,0.0615
2,3,1.5,4224.114833333333,0.014521467399151432,0.0061666666666666675,0.03133333333333333,0.09033333333333333
3,4,2.0,5327.527166666667,0.014915965143107385,0.008666666666666666,0.02366666666666667,0.07366666666666667
4,5,2.5,5363.083166666666,0.006236334953509234,0.002166666666666667,0.011833333333333333,0.04800000000000001
5,6,3.0,7434.1515,0.0027151418696518964,0.0006666666666666666,0.004166666666666667,0.026
6,7,3.5,6495.381,0.0017518699530162556,0.00016666666666666666,0.0026666666666666666,0.022833333333333334
7,8,4.0,9429.675166666668,0.0013592300611421167,0.0,0.0018333333333333333,0.018000000000000002
