,Conf.,Zipfian s,Graph 0,Graph 1,Graph 2,Graph 3,Graph 4,Mean Hits@10,Std. dev. of Hits@10
0,1,0.5,0.005,0.01,0.0105,0.01,0.008,0.008700000000000001,0.0020396078054371143
1,2,1.0,0.0185,0.01,0.017,0.0125,0.01,0.013599999999999998,0.0035411862419251544
2,3,1.5,0.046,0.049,0.035,0.018,0.015,0.0326,0.013979985693841035
3,4,2.0,0.054,0.024,0.052,0.0435,0.028,0.040299999999999996,0.012262136844775465
4,5,2.5,0.0045,0.0115,0.005,0.016,0.0115,0.0097,0.004365775990588615
5,6,3.0,0.0025,0.0025,0.007,0.003,0.008,0.0046,0.002395829710142188
6,7,3.5,0.002,0.0025,0.0015,0.0035,0.005,0.0029,0.0012409673645990857
7,8,4.0,0.0015,0.0015,0.0035,0.0015,0.001,0.0018000000000000002,0.0008717797887081348
