,Conf.,Zipfian s,Mean,Std. dev,Graph 0,Graph 1,Graph 2,Graph 3,Graph 4,Graph 5,Graph 6,Graph 7,Graph 8,Graph 9
0,1,0.5,6423.47605,1338.6059404602881,7639.9855,7712.4795,4771.4585,7431.0155,7397.4975,4884.5475,7547.955,7348.22,4733.0905,4768.511
1,2,1.0,4294.874150000001,819.7135267099432,3954.268,3792.0805,3796.9305,3904.8075,3959.1475,5919.2475,3936.938,5940.2865,3930.903,3814.1325
2,3,1.5,4175.5425000000005,592.5871210900976,4603.466,4557.827,3599.126,4715.8515,3450.2235,3432.249,4671.6375,4681.301,4703.9425,3339.801
3,4,2.0,5138.749750000001,913.667950189489,5815.4965,4017.397,5838.6665,5713.933,4101.3345,6059.3315,4039.551,6258.0205,5532.76,4011.007
4,5,2.5,7155.9625,1860.7830962821267,5162.1405,4928.0945,5426.5,9080.394,5407.0715,8993.4565,9116.2635,5598.881,9068.149,8778.6745
5,6,3.0,8202.776549999999,2052.0643679089785,6079.0175,10292.0295,10449.142,6354.9935,10175.873,10030.895,10300.8685,6308.2345,6063.6275,5973.0845
6,7,3.5,9353.4057,1963.969752736192,6314.1165,10740.779,10482.8575,6373.7315,10580.6435,10345.038,6396.3005,10849.8455,10631.212,10819.533
7,8,4.0,7785.89205,1834.8548186485277,6416.122,6698.1435,10572.865,10823.5955,10339.015,6582.4245,6559.86,6670.1275,6795.09,6401.6775
