,Conf.,Zipfian s,Graph 0,Graph 1,Graph 2,Graph 3,Graph 4,Mean Hits@1,Std. dev. of Hits@1
0,1,0.5,0.0,0.0015,0.001,0.001,0.0015,0.001,0.0005477225575051661
1,2,1.0,0.001,0.0005,0.002,0.0015,0.001,0.0012000000000000001,0.0005099019513592786
2,3,1.5,0.015,0.017,0.0075,0.001,0.0015,0.008400000000000001,0.006643794096749236
3,4,2.0,0.022,0.009,0.021,0.0175,0.0035,0.014600000000000002,0.0071930522033417784
4,5,2.5,0.002,0.0025,0.002,0.0045,0.003,0.0027999999999999995,0.0009273618495495703
5,6,3.0,0.0,0.0005,0.0015,0.0,0.001,0.0006000000000000001,0.0005830951894845301
6,7,3.5,0.0,0.0,0.0,0.0005,0.0005,0.0002,0.00024494897427831784
7,8,4.0,0.001,0.0,0.0,0.0,0.0,0.0002,0.0004
