,Conf.,Zipfian s,Graph 0,Graph 1,Graph 2,Graph 3,Graph 4,Mean Hits@10,Std. dev. of Hits@10
0,1,0.5,0.0085,0.0075,0.006,0.006,0.007,0.007550000000000001,0.001312440474840669
1,2,1.0,0.013,0.015,0.0135,0.019,0.0185,0.015250000000000003,0.0024723470630152234
2,3,1.5,0.0265,0.022,0.0195,0.0195,0.0385,0.0269,0.009137286249209882
3,4,2.0,0.006,0.0455,0.0095,0.005,0.036,0.023850000000000003,0.019801578219929845
4,5,2.5,0.012,0.024,0.0105,0.002,0.0125,0.007650000000000001,0.006960783001933045
5,6,3.0,0.004,0.001,0.0035,0.0025,0.0005,0.0026000000000000003,0.001972308292331602
6,7,3.5,0.0035,0.0015,0.0015,0.0055,0.0,0.0025499999999999997,0.0015074813431681334
7,8,4.0,0.003,0.0015,0.001,0.0005,0.0005,0.002,0.0014491376746189437
