,Conf.,Zipfian s,Graph 0,Graph 1,Graph 2,Graph 3,Graph 4,Mean MR,Std. dev. of MR
0,1,0.5,4687.407,4621.4955,4758.8345,4768.378,7424.026,5252.028200000001,1087.2994592239343
1,2,1.0,3949.4415,5946.633,3936.696,3840.189,5976.7955,4729.950999999999,1006.4851004921534
2,3,1.5,3339.604,3218.585,3453.7395,4633.9695,4734.0225,3875.9841,664.6712650737506
3,4,2.0,3849.8745,4177.9965,4043.9945,4008.084,4135.415,4043.0729,114.26472377921375
4,5,2.5,8647.1485,5364.9095,8648.561,5232.845,5471.9265,6673.078100000001,1614.1764628994376
5,6,3.0,10171.345,10384.4105,6150.0705,10365.056,6144.1765,8643.0117,2039.2470282488732
6,7,3.5,6509.043,10327.1165,10452.6845,10448.8075,6490.144,8845.5591,1916.0144880344565
7,8,4.0,6492.447,10296.419,6518.1805,6920.3385,10803.078,8206.0926,1926.2704759063663
