,Graph,Mean Rank,Mean Reciprocal Rank,Hits@1,Hits@10,Hits@100
0,0,15160.132,0.0014211816910414564,0.001,0.0015,0.007
1,1,14910.4855,0.0010790597013661633,0.0005,0.0015,0.004
2,2,14790.608,0.0002675959377825198,0.0,0.0,0.0035
3,3,15267.056,0.0007797649135909357,0.0,0.001,0.007
4,4,15542.3315,0.0005611849500775585,0.0,0.0005,0.0045
