,Graph,Mean Rank,Mean Reciprocal Rank,Hits@1,Hits@10,Hits@100
0,0,14942.124,0.0003310637908253636,0.0,0.0005,0.003
1,1,15156.644,0.00041503938734845276,0.0,0.0005,0.005
2,2,14939.2455,0.0013011712761811524,0.001,0.001,0.0045
3,3,14754.8295,0.000399012811939914,0.0,0.0,0.007
4,4,15122.5465,0.000257242367695329,0.0,0.0,0.002
