,Graph,Mean Rank,Mean Reciprocal Rank,Hits@1,Hits@10,Hits@100
0,0,8704.6345,0.00048712383239152285,0.0,0.0,0.0085
1,1,8990.9475,0.0010975356199150544,0.0,0.002,0.008
2,2,8857.4715,0.0021758093479864165,0.0015,0.0025,0.0095
3,3,9205.122,0.00044990657632334286,0.0,0.0,0.0065
4,4,9215.605,0.0009349321280299154,0.0,0.001,0.005
