,Graph,Mean Rank,Mean Reciprocal Rank,Hits@1,Hits@10,Hits@100
0,0,11119.369,0.0004894928344103532,0.0,0.001,0.0055
1,1,11262.906,0.0020427654321255755,0.001,0.0035,0.007
2,2,11771.431,0.00034352774732444456,0.0,0.0,0.0055
3,3,11352.805,0.0005518706521889902,0.0,0.001,0.006
4,4,11234.3515,0.0008245239751713067,0.0,0.001,0.007
