,Graph,Mean Rank,Mean Reciprocal Rank,Hits@1,Hits@10,Hits@100
0,0,15021.528,0.0005453635309959805,0.0,0.0005,0.004
1,1,14703.0435,0.0008216764233090675,0.0,0.0015,0.008
2,2,14749.818,0.0003352208244688461,0.0,0.0,0.0055
3,3,15535.5415,0.000641412715152856,0.0,0.001,0.0065
4,4,14967.068,0.00025468274273983974,0.0,0.0,0.0025
