,Graph,Mean Rank,Mean Reciprocal Rank,Hits@1,Hits@10,Hits@100
0,0,8829.32,0.020759469557269133,0.0185,0.0245,0.044
1,1,9087.137,0.00985450172909766,0.008,0.0125,0.0265
2,2,8526.5435,0.01673302172106511,0.015,0.018,0.0365
3,3,8743.6805,0.020004292027110657,0.018,0.0215,0.047
4,4,9470.147,0.0030513290617769284,0.0015,0.004,0.019
