,Graph,Mean Rank,Mean Reciprocal Rank,Hits@1,Hits@10,Hits@100
0,0,7577.09,0.002427232452081637,0.001,0.003,0.016
1,1,6832.8735,0.005537206977742582,0.004,0.0065,0.0255
2,2,7502.88,0.006039544512807798,0.0045,0.007,0.0215
3,3,7279.676,0.008583462169153197,0.0065,0.011,0.031
4,4,7612.4755,0.008216468604728976,0.006,0.0115,0.0275
