,Graph,Mean Rank,Mean Reciprocal Rank,Hits@1,Hits@10,Hits@100
0,0,12853.036,0.010443501090437426,0.01,0.0105,0.0155
1,1,14234.6515,0.0028265483624678573,0.002,0.004,0.011
2,2,13144.261,0.007807499886882773,0.007,0.0085,0.0155
3,3,13577.741,0.005115978555700707,0.004,0.0075,0.0105
4,4,13435.435,0.0036879714430946018,0.003,0.004,0.012
