,Graph,Mean Rank,Mean Reciprocal Rank,Hits@1,Hits@10,Hits@100
0,0,8802.973,0.020405002010910868,0.0185,0.0215,0.0405
1,1,9515.586,0.010287534583293251,0.009,0.0125,0.025
2,2,8472.08,0.016472710860034993,0.014,0.019,0.0365
3,3,8543.2175,0.019605414771115163,0.0165,0.0225,0.0475
4,4,10015.8365,0.002224781887950741,0.001,0.0025,0.017
