,Graph,Mean Rank,Mean Reciprocal Rank,Hits@1,Hits@10,Hits@100
0,0,11584.4205,0.0006460665088759171,0.0,0.001,0.007
1,1,11246.971,0.00046828613790196426,0.0,0.0005,0.006
2,2,11256.0695,0.0005908427839801459,0.0,0.001,0.004
3,3,11264.3225,0.0009393651844907813,0.0005,0.001,0.0065
4,4,10954.177,0.0008106202412060781,0.0,0.0005,0.011
