,Graph,Mean Rank,Mean Reciprocal Rank,Hits@1,Hits@10,Hits@100
0,0,13440.3195,0.010878065812847478,0.01,0.0125,0.0215
1,1,13844.749,0.002389747034371217,0.002,0.0025,0.0065
2,2,13028.571,0.00837342687495621,0.0075,0.009,0.0165
3,3,12991.652,0.0029897373456122815,0.002,0.004,0.0085
4,4,13984.6455,0.002522605846791548,0.002,0.003,0.009
