,Graph,Mean Rank,Mean Reciprocal Rank,Hits@1,Hits@10,Hits@100
0,0,15341.694,0.0005544527036046255,0.0,0.0005,0.0045
1,1,14752.848,0.0009979065065995748,0.0005,0.0015,0.0065
2,2,15243.224,0.000633563832956418,0.0,0.001,0.0075
3,3,15015.444,0.00035692434848242906,0.0,0.0005,0.0025
4,4,14652.967,0.0003350211760240658,0.0,0.0,0.005
