,Graph,Mean Rank,Mean Reciprocal Rank,Hits@1,Hits@10,Hits@100
0,0,9000.48,0.0005934168946080572,0.0,0.0005,0.006
1,1,9118.565,0.0004914224901275423,0.0,0.0,0.0075
2,2,8987.4725,0.0005702592065582488,0.0,0.0005,0.006
3,3,9010.397,0.0006186631923425994,0.0,0.0005,0.0095
4,4,8779.906,0.000546448808083645,0.0,0.0,0.007
