,Graph,Mean Rank,Mean Reciprocal Rank,Hits@1,Hits@10,Hits@100
0,0,14824.0915,0.0017630947113583572,0.001,0.0025,0.006
1,1,14294.851,0.0002689470665130594,0.0,0.0,0.003
2,2,14895.139,0.00043695666865631137,0.0,0.0005,0.006
3,3,14997.467,0.0006710093750127162,0.0,0.002,0.006
4,4,14865.979,0.0006901168307868427,0.0,0.0015,0.0035
