,Graph,Mean Rank,Mean Reciprocal Rank,Hits@1,Hits@10,Hits@100
0,0,7174.419,0.003536652123270041,0.0015,0.006,0.021
1,1,7464.504,0.006464097163623519,0.004,0.01,0.0305
2,2,7366.7615,0.005622089641235232,0.003,0.0105,0.027
3,3,7324.8635,0.008384345048327177,0.006,0.012,0.0295
4,4,7288.877,0.007010395645662529,0.0045,0.01,0.0305
