,Graph,Mean Rank,Mean Reciprocal Rank,Hits@1,Hits@10,Hits@100
0,0,14789.915,0.000231622162771621,0.0,0.0,0.0015
1,1,15108.9765,0.00046009193814394765,0.0,0.001,0.004
2,2,15322.474,0.0013641189667283247,0.001,0.0015,0.006
3,3,14847.832,0.00047442015317631465,0.0,0.0005,0.007
4,4,15341.0795,0.000346510943205181,0.0,0.0,0.004
