,Graph,Mean Rank,Mean Reciprocal Rank,Hits@1,Hits@10,Hits@100
0,0,3339.604,0.027553426276766824,0.015,0.046,0.1465
1,1,3218.585,0.02914547774221061,0.017,0.049,0.14
2,2,3453.7395,0.017757658108330292,0.0075,0.035,0.131
3,3,4633.9695,0.006337096731618568,0.001,0.018,0.0545
4,4,4734.0225,0.00701524618611118,0.0015,0.015,0.068
