,Graph,Mean Rank,Mean Reciprocal Rank,Hits@1,Hits@10,Hits@100
0,0,3949.4415,0.007109741131185942,0.001,0.0185,0.061
1,1,5946.633,0.004540874393418294,0.0005,0.01,0.0485
2,2,3936.696,0.006869468772574651,0.002,0.017,0.0595
3,3,3840.189,0.006873364527497804,0.0015,0.0125,0.0545
4,4,5976.7955,0.005086723806749498,0.001,0.01,0.059
