,Graph,Mean Rank,Mean Reciprocal Rank,Hits@1,Hits@10,Hits@100
0,0,6509.043,0.001293170011900443,0.0,0.002,0.017
1,1,10327.1165,0.0012578332468196984,0.0,0.0025,0.014
2,2,10452.6845,0.0010397711057731627,0.0,0.0015,0.0175
3,3,10448.8075,0.0021199429072687862,0.0005,0.0035,0.021
4,4,6490.144,0.002785714856472155,0.0005,0.005,0.0245
