,Graph,Mean Rank,Mean Reciprocal Rank,Hits@1,Hits@10,Hits@100
0,0,8647.1485,0.0032603591943545967,0.002,0.0045,0.0175
1,1,5364.9095,0.0066553387321040955,0.0025,0.0115,0.0485
2,2,8648.561,0.0035110065360039805,0.002,0.005,0.017
3,3,5232.845,0.009230502778335014,0.0045,0.016,0.0585
4,4,5471.9265,0.007165901781421313,0.003,0.0115,0.0545
