,Graph,Mean Rank,Mean Reciprocal Rank,Hits@1,Hits@10,Hits@100
0,0,10171.345,0.0011771640194276221,0.0,0.0025,0.0145
1,1,10384.4105,0.0022389086802569683,0.0005,0.0025,0.017
2,2,6150.0705,0.0044493338564377555,0.0015,0.007,0.0425
3,3,10365.056,0.0015472061156285538,0.0,0.003,0.0175
4,4,6144.1765,0.0035671223830249553,0.001,0.008,0.033
