,Graph,Mean Rank,Mean Reciprocal Rank,Hits@1,Hits@10,Hits@100
0,0,6492.447,0.002313125110156084,0.001,0.0015,0.022
1,1,10296.419,0.0012603754217679183,0.0,0.0015,0.0175
2,2,6518.1805,0.0018117545174120085,0.0,0.0035,0.0235
3,3,6920.3385,0.0013269088125734752,0.0,0.0015,0.0155
4,4,10803.078,0.0012452289070061947,0.0,0.001,0.023
