,Graph,Mean Rank,Mean Reciprocal Rank,Hits@1,Hits@10,Hits@100
0,0,3849.8745,0.0336989022655345,0.022,0.054,0.1495
1,1,4177.9965,0.015511973158988283,0.009,0.024,0.101
2,2,4043.9945,0.03204447074306994,0.021,0.052,0.1435
3,3,4008.084,0.02792882629016433,0.0175,0.0435,0.149
4,4,4135.415,0.012274733725200247,0.0035,0.028,0.1105
