,Graph,Mean Rank,Mean Reciprocal Rank,Hits@1,Hits@10,Hits@100
0,0,4687.407,0.002998423913911192,0.0,0.005,0.048
1,1,4621.4955,0.0053492615060338035,0.0015,0.01,0.0585
2,2,4758.8345,0.005210865535646022,0.001,0.0105,0.055
3,3,4768.378,0.004549763502789807,0.001,0.01,0.054
4,4,7424.026,0.004316102686708979,0.0015,0.008,0.0445
